name,gene
"KEGG_PANCREATIC_CANCER","MAPK8"
"KEGG_PANCREATIC_CANCER","PLD1"
"KEGG_PANCREATIC_CANCER","PIK3CB"
"KEGG_PANCREATIC_CANCER","RAC1"
"KEGG_PANCREATIC_CANCER","SMAD3"
"KEGG_PANCREATIC_CANCER","RAD51"
"KEGG_PANCREATIC_CANCER","STAT3"
"KEGG_PANCREATIC_CANCER","TP53"
"KEGG_PANCREATIC_CANCER","CCND1"
"KEGG_PANCREATIC_CANCER","RALB"
"KEGG_PANCREATIC_CANCER","KRAS"
"KEGG_PANCREATIC_CANCER","RALBP1"
"KEGG_PANCREATIC_CANCER","AKT3"
"KEGG_PANCREATIC_CANCER","PIK3R2"
"KEGG_PANCREATIC_CANCER","MAPK9"
"KEGG_PANCREATIC_CANCER","SMAD4"
"KEGG_PANCREATIC_CANCER","SMAD2"
"KEGG_PANCREATIC_CANCER","PIK3R1"
"KEGG_PANCREATIC_CANCER","RELA"
"KEGG_PANCREATIC_CANCER","ERBB2"
"KEGG_PANCREATIC_CANCER","PIK3CD"
"KEGG_PANCREATIC_CANCER","EGF"
"KEGG_PANCREATIC_CANCER","PIK3CA"
"KEGG_PANCREATIC_CANCER","MAPK1"
"KEGG_PANCREATIC_CANCER","ARAF"
"KEGG_PANCREATIC_CANCER","NFKB1"
"KEGG_PANCREATIC_CANCER","STAT1"
"KEGG_PANCREATIC_CANCER","E2F2"
"KEGG_PANCREATIC_CANCER","RALA"
"KEGG_PANCREATIC_CANCER","FIGF"
"KEGG_PANCREATIC_CANCER","MAPK3"
"KEGG_PANCREATIC_CANCER","BRCA2"
"KEGG_PANCREATIC_CANCER","RAF1"
"KEGG_PANCREATIC_CANCER","MAP2K1"
"KEGG_PANCREATIC_CANCER","BAD"
"KEGG_PANCREATIC_CANCER","TGFA"
"KEGG_PANCREATIC_CANCER","BCL2L1"
"KEGG_PANCREATIC_CANCER","IKBKG"
"KEGG_PANCREATIC_CANCER","CASP9"
"KEGG_PANCREATIC_CANCER","PIK3R5"
"KEGG_PANCREATIC_CANCER","PGF"
"KEGG_PANCREATIC_CANCER","CDC42"
"KEGG_PANCREATIC_CANCER","CDK4"
"KEGG_PANCREATIC_CANCER","CHUK"
"KEGG_PANCREATIC_CANCER","RAC3"
"KEGG_PANCREATIC_CANCER","PIK3CG"
"KEGG_PANCREATIC_CANCER","JAK1"
"KEGG_PANCREATIC_CANCER","TGFBR2"
"KEGG_PANCREATIC_CANCER","AKT2"
"KEGG_PANCREATIC_CANCER","IKBKB"
"KEGG_PANCREATIC_CANCER","TGFB2"
"KEGG_PANCREATIC_CANCER","AKT1"
"KEGG_PANCREATIC_CANCER","VEGFC"
"KEGG_PANCREATIC_CANCER","RB1"
"KEGG_PANCREATIC_CANCER","CDKN2A"
"KEGG_PANCREATIC_CANCER","TGFB3"
"KEGG_PANCREATIC_CANCER","E2F3"
"KEGG_PANCREATIC_CANCER","TGFB1"
"KEGG_PANCREATIC_CANCER","PIK3R3"
"KEGG_PANCREATIC_CANCER","VEGFA"
"KEGG_PANCREATIC_CANCER","RAC2"
"KEGG_PANCREATIC_CANCER","MAPK10"
"KEGG_PANCREATIC_CANCER","RALGDS"
"KEGG_PANCREATIC_CANCER","VEGFB"
"KEGG_PANCREATIC_CANCER","E2F1"
"KEGG_PANCREATIC_CANCER","BRAF"
"KEGG_PANCREATIC_CANCER","CDK6"
"KEGG_PANCREATIC_CANCER","EGFR"
"KEGG_PANCREATIC_CANCER","TGFBR1"
"KEGG_PANCREATIC_CANCER","ARHGEF6"
"KEGG_BASAL_CELL_CARCINOMA","WNT3"
"KEGG_BASAL_CELL_CARCINOMA","GLI2"
"KEGG_BASAL_CELL_CARCINOMA","WNT7B"
"KEGG_BASAL_CELL_CARCINOMA","TP53"
"KEGG_BASAL_CELL_CARCINOMA","FZD3"
"KEGG_BASAL_CELL_CARCINOMA","DVL1"
"KEGG_BASAL_CELL_CARCINOMA","APC2"
"KEGG_BASAL_CELL_CARCINOMA","BMP2"
"KEGG_BASAL_CELL_CARCINOMA","FZD6"
"KEGG_BASAL_CELL_CARCINOMA","WNT5A"
"KEGG_BASAL_CELL_CARCINOMA","SMO"
"KEGG_BASAL_CELL_CARCINOMA","FZD5"
"KEGG_BASAL_CELL_CARCINOMA","WNT9A"
"KEGG_BASAL_CELL_CARCINOMA","STK36"
"KEGG_BASAL_CELL_CARCINOMA","FZD8"
"KEGG_BASAL_CELL_CARCINOMA","CTNNB1"
"KEGG_BASAL_CELL_CARCINOMA","DVL2"
"KEGG_BASAL_CELL_CARCINOMA","WNT3A"
"KEGG_BASAL_CELL_CARCINOMA","WNT5B"
"KEGG_BASAL_CELL_CARCINOMA","APC"
"KEGG_BASAL_CELL_CARCINOMA","WNT11"
"KEGG_BASAL_CELL_CARCINOMA","SHH"
"KEGG_BASAL_CELL_CARCINOMA","WNT16"
"KEGG_BASAL_CELL_CARCINOMA","WNT7A"
"KEGG_BASAL_CELL_CARCINOMA","WNT9B"
"KEGG_BASAL_CELL_CARCINOMA","PTCH1"
"KEGG_BASAL_CELL_CARCINOMA","GLI3"
"KEGG_BASAL_CELL_CARCINOMA","WNT8B"
"KEGG_BASAL_CELL_CARCINOMA","LEF1"
"KEGG_BASAL_CELL_CARCINOMA","SUFU"
"KEGG_BASAL_CELL_CARCINOMA","PTCH2"
"KEGG_BASAL_CELL_CARCINOMA","AXIN1"
"KEGG_BASAL_CELL_CARCINOMA","WNT2B"
"KEGG_BASAL_CELL_CARCINOMA","WNT2"
"KEGG_BASAL_CELL_CARCINOMA","FZD10"
"KEGG_BASAL_CELL_CARCINOMA","FZD7"
"KEGG_BASAL_CELL_CARCINOMA","GLI1"
"KEGG_BASAL_CELL_CARCINOMA","AXIN2"
"KEGG_BASAL_CELL_CARCINOMA","WNT6"
"KEGG_BASAL_CELL_CARCINOMA","FZD2"
"KEGG_BASAL_CELL_CARCINOMA","FZD9"
"KEGG_BASAL_CELL_CARCINOMA","FZD1"
"KEGG_BASAL_CELL_CARCINOMA","WNT10B"
"KEGG_BASAL_CELL_CARCINOMA","HHIP"
"KEGG_BASAL_CELL_CARCINOMA","DVL3"
"KEGG_BASAL_CELL_CARCINOMA","FZD4"
"KEGG_BASAL_CELL_CARCINOMA","BMP4"
"KEGG_BASAL_CELL_CARCINOMA","GSK3B"
"KEGG_BASAL_CELL_CARCINOMA","WNT10A"
"KEGG_BASAL_CELL_CARCINOMA","TCF7"
"KEGG_BASAL_CELL_CARCINOMA","WNT8A"
"KEGG_BASAL_CELL_CARCINOMA","WNT1"
"KEGG_BASAL_CELL_CARCINOMA","TCF7L2"
"KEGG_BASAL_CELL_CARCINOMA","WNT4"
"KEGG_BASAL_CELL_CARCINOMA","TCF7L1"
"KEGG_ENDOMETRIAL_CANCER","CTNNA2"
"KEGG_ENDOMETRIAL_CANCER","PIK3CB"
"KEGG_ENDOMETRIAL_CANCER","FOXO3"
"KEGG_ENDOMETRIAL_CANCER","TP53"
"KEGG_ENDOMETRIAL_CANCER","CCND1"
"KEGG_ENDOMETRIAL_CANCER","MAP2K2"
"KEGG_ENDOMETRIAL_CANCER","KRAS"
"KEGG_ENDOMETRIAL_CANCER","AKT3"
"KEGG_ENDOMETRIAL_CANCER","PIK3R2"
"KEGG_ENDOMETRIAL_CANCER","APC2"
"KEGG_ENDOMETRIAL_CANCER","CTNNA3"
"KEGG_ENDOMETRIAL_CANCER","SOS2"
"KEGG_ENDOMETRIAL_CANCER","PIK3R1"
"KEGG_ENDOMETRIAL_CANCER","ELK1"
"KEGG_ENDOMETRIAL_CANCER","ERBB2"
"KEGG_ENDOMETRIAL_CANCER","PIK3CD"
"KEGG_ENDOMETRIAL_CANCER","EGF"
"KEGG_ENDOMETRIAL_CANCER","PIK3CA"
"KEGG_ENDOMETRIAL_CANCER","MAPK1"
"KEGG_ENDOMETRIAL_CANCER","CDH1"
"KEGG_ENDOMETRIAL_CANCER","ARAF"
"KEGG_ENDOMETRIAL_CANCER","PTEN"
"KEGG_ENDOMETRIAL_CANCER","CTNNB1"
"KEGG_ENDOMETRIAL_CANCER","APC"
"KEGG_ENDOMETRIAL_CANCER","MAPK3"
"KEGG_ENDOMETRIAL_CANCER","RAF1"
"KEGG_ENDOMETRIAL_CANCER","MLH1"
"KEGG_ENDOMETRIAL_CANCER","MAP2K1"
"KEGG_ENDOMETRIAL_CANCER","BAD"
"KEGG_ENDOMETRIAL_CANCER","CTNNA1"
"KEGG_ENDOMETRIAL_CANCER","GRB2"
"KEGG_ENDOMETRIAL_CANCER","HRAS"
"KEGG_ENDOMETRIAL_CANCER","CASP9"
"KEGG_ENDOMETRIAL_CANCER","LEF1"
"KEGG_ENDOMETRIAL_CANCER","PIK3R5"
"KEGG_ENDOMETRIAL_CANCER","NRAS"
"KEGG_ENDOMETRIAL_CANCER","AXIN1"
"KEGG_ENDOMETRIAL_CANCER","ILK"
"KEGG_ENDOMETRIAL_CANCER","PDPK1"
"KEGG_ENDOMETRIAL_CANCER","AXIN2"
"KEGG_ENDOMETRIAL_CANCER","PIK3CG"
"KEGG_ENDOMETRIAL_CANCER","AKT2"
"KEGG_ENDOMETRIAL_CANCER","SOS1"
"KEGG_ENDOMETRIAL_CANCER","AKT1"
"KEGG_ENDOMETRIAL_CANCER","GSK3B"
"KEGG_ENDOMETRIAL_CANCER","PIK3R3"
"KEGG_ENDOMETRIAL_CANCER","TCF7"
"KEGG_ENDOMETRIAL_CANCER","TCF7L2"
"KEGG_ENDOMETRIAL_CANCER","MYC"
"KEGG_ENDOMETRIAL_CANCER","BRAF"
"KEGG_ENDOMETRIAL_CANCER","EGFR"
"KEGG_ENDOMETRIAL_CANCER","TCF7L1"
"KEGG_NON_SMALL_CELL_LUNG_CANCER","PIK3CB"
"KEGG_NON_SMALL_CELL_LUNG_CANCER","FOXO3"
"KEGG_NON_SMALL_CELL_LUNG_CANCER","RXRG"
"KEGG_NON_SMALL_CELL_LUNG_CANCER","TP53"
"KEGG_NON_SMALL_CELL_LUNG_CANCER","CCND1"
"KEGG_NON_SMALL_CELL_LUNG_CANCER","MAP2K2"
"KEGG_NON_SMALL_CELL_LUNG_CANCER","KRAS"
"KEGG_NON_SMALL_CELL_LUNG_CANCER","AKT3"
"KEGG_NON_SMALL_CELL_LUNG_CANCER","PIK3R2"
"KEGG_NON_SMALL_CELL_LUNG_CANCER","RXRB"
"KEGG_NON_SMALL_CELL_LUNG_CANCER","SOS2"
"KEGG_NON_SMALL_CELL_LUNG_CANCER","PIK3R1"
"KEGG_NON_SMALL_CELL_LUNG_CANCER","ERBB2"
"KEGG_NON_SMALL_CELL_LUNG_CANCER","RASSF5"
"KEGG_NON_SMALL_CELL_LUNG_CANCER","PIK3CD"
"KEGG_NON_SMALL_CELL_LUNG_CANCER","EGF"
"KEGG_NON_SMALL_CELL_LUNG_CANCER","PIK3CA"
"KEGG_NON_SMALL_CELL_LUNG_CANCER","PRKCG"
"KEGG_NON_SMALL_CELL_LUNG_CANCER","MAPK1"
"KEGG_NON_SMALL_CELL_LUNG_CANCER","ARAF"
"KEGG_NON_SMALL_CELL_LUNG_CANCER","E2F2"
"KEGG_NON_SMALL_CELL_LUNG_CANCER","MAPK3"
"KEGG_NON_SMALL_CELL_LUNG_CANCER","FHIT"
"KEGG_NON_SMALL_CELL_LUNG_CANCER","RAF1"
"KEGG_NON_SMALL_CELL_LUNG_CANCER","MAP2K1"
"KEGG_NON_SMALL_CELL_LUNG_CANCER","BAD"
"KEGG_NON_SMALL_CELL_LUNG_CANCER","GRB2"
"KEGG_NON_SMALL_CELL_LUNG_CANCER","PLCG1"
"KEGG_NON_SMALL_CELL_LUNG_CANCER","TGFA"
"KEGG_NON_SMALL_CELL_LUNG_CANCER","PRKCB"
"KEGG_NON_SMALL_CELL_LUNG_CANCER","HRAS"
"KEGG_NON_SMALL_CELL_LUNG_CANCER","CASP9"
"KEGG_NON_SMALL_CELL_LUNG_CANCER","PIK3R5"
"KEGG_NON_SMALL_CELL_LUNG_CANCER","PLCG2"
"KEGG_NON_SMALL_CELL_LUNG_CANCER","NRAS"
"KEGG_NON_SMALL_CELL_LUNG_CANCER","STK4"
"KEGG_NON_SMALL_CELL_LUNG_CANCER","CDK4"
"KEGG_NON_SMALL_CELL_LUNG_CANCER","PDPK1"
"KEGG_NON_SMALL_CELL_LUNG_CANCER","PIK3CG"
"KEGG_NON_SMALL_CELL_LUNG_CANCER","RASSF1"
"KEGG_NON_SMALL_CELL_LUNG_CANCER","PRKCA"
"KEGG_NON_SMALL_CELL_LUNG_CANCER","AKT2"
"KEGG_NON_SMALL_CELL_LUNG_CANCER","RXRA"
"KEGG_NON_SMALL_CELL_LUNG_CANCER","SOS1"
"KEGG_NON_SMALL_CELL_LUNG_CANCER","AKT1"
"KEGG_NON_SMALL_CELL_LUNG_CANCER","RB1"
"KEGG_NON_SMALL_CELL_LUNG_CANCER","RARB"
"KEGG_NON_SMALL_CELL_LUNG_CANCER","CDKN2A"
"KEGG_NON_SMALL_CELL_LUNG_CANCER","E2F3"
"KEGG_NON_SMALL_CELL_LUNG_CANCER","PIK3R3"
"KEGG_NON_SMALL_CELL_LUNG_CANCER","E2F1"
"KEGG_NON_SMALL_CELL_LUNG_CANCER","BRAF"
"KEGG_NON_SMALL_CELL_LUNG_CANCER","CDK6"
"KEGG_NON_SMALL_CELL_LUNG_CANCER","EGFR"
"KEGG_BLADDER_CANCER","MMP1"
"KEGG_BLADDER_CANCER","TP53"
"KEGG_BLADDER_CANCER","CCND1"
"KEGG_BLADDER_CANCER","MAP2K2"
"KEGG_BLADDER_CANCER","KRAS"
"KEGG_BLADDER_CANCER","CDKN1A"
"KEGG_BLADDER_CANCER","RPS6KA5"
"KEGG_BLADDER_CANCER","ERBB2"
"KEGG_BLADDER_CANCER","IL8"
"KEGG_BLADDER_CANCER","EGF"
"KEGG_BLADDER_CANCER","MAPK1"
"KEGG_BLADDER_CANCER","CDH1"
"KEGG_BLADDER_CANCER","ARAF"
"KEGG_BLADDER_CANCER","E2F2"
"KEGG_BLADDER_CANCER","FIGF"
"KEGG_BLADDER_CANCER","MAPK3"
"KEGG_BLADDER_CANCER","RAF1"
"KEGG_BLADDER_CANCER","MAP2K1"
"KEGG_BLADDER_CANCER","DAPK1"
"KEGG_BLADDER_CANCER","HRAS"
"KEGG_BLADDER_CANCER","PGF"
"KEGG_BLADDER_CANCER","NRAS"
"KEGG_BLADDER_CANCER","MMP9"
"KEGG_BLADDER_CANCER","CDK4"
"KEGG_BLADDER_CANCER","DAPK2"
"KEGG_BLADDER_CANCER","MDM2"
"KEGG_BLADDER_CANCER","RASSF1"
"KEGG_BLADDER_CANCER","TYMP"
"KEGG_BLADDER_CANCER","VEGFC"
"KEGG_BLADDER_CANCER","RB1"
"KEGG_BLADDER_CANCER","CDKN2A"
"KEGG_BLADDER_CANCER","E2F3"
"KEGG_BLADDER_CANCER","VEGFA"
"KEGG_BLADDER_CANCER","MYC"
"KEGG_BLADDER_CANCER","VEGFB"
"KEGG_BLADDER_CANCER","E2F1"
"KEGG_BLADDER_CANCER","BRAF"
"KEGG_BLADDER_CANCER","MMP2"
"KEGG_BLADDER_CANCER","DAPK3"
"KEGG_BLADDER_CANCER","EGFR"
"KEGG_BLADDER_CANCER","FGFR3"
"KEGG_BLADDER_CANCER","THBS1"
"KEGG_THYROID_CANCER","RXRG"
"KEGG_THYROID_CANCER","TP53"
"KEGG_THYROID_CANCER","CCND1"
"KEGG_THYROID_CANCER","MAP2K2"
"KEGG_THYROID_CANCER","KRAS"
"KEGG_THYROID_CANCER","PPARG"
"KEGG_THYROID_CANCER","RXRB"
"KEGG_THYROID_CANCER","RET"
"KEGG_THYROID_CANCER","TPR"
"KEGG_THYROID_CANCER","MAPK1"
"KEGG_THYROID_CANCER","CDH1"
"KEGG_THYROID_CANCER","TFG"
"KEGG_THYROID_CANCER","CTNNB1"
"KEGG_THYROID_CANCER","MAPK3"
"KEGG_THYROID_CANCER","PAX8"
"KEGG_THYROID_CANCER","MAP2K1"
"KEGG_THYROID_CANCER","HRAS"
"KEGG_THYROID_CANCER","LEF1"
"KEGG_THYROID_CANCER","NRAS"
"KEGG_THYROID_CANCER","NCOA4"
"KEGG_THYROID_CANCER","RXRA"
"KEGG_THYROID_CANCER","TPM3"
"KEGG_THYROID_CANCER","CCDC6"
"KEGG_THYROID_CANCER","NTRK1"
"KEGG_THYROID_CANCER","TCF7"
"KEGG_THYROID_CANCER","TCF7L2"
"KEGG_THYROID_CANCER","MYC"
"KEGG_THYROID_CANCER","BRAF"
"KEGG_THYROID_CANCER","TCF7L1"
"KEGG_RENAL_CELL_CARCINOMA","ARNT2"
"KEGG_RENAL_CELL_CARCINOMA","PIK3CB"
"KEGG_RENAL_CELL_CARCINOMA","RAC1"
"KEGG_RENAL_CELL_CARCINOMA","MAP2K2"
"KEGG_RENAL_CELL_CARCINOMA","KRAS"
"KEGG_RENAL_CELL_CARCINOMA","AKT3"
"KEGG_RENAL_CELL_CARCINOMA","PIK3R2"
"KEGG_RENAL_CELL_CARCINOMA","SOS2"
"KEGG_RENAL_CELL_CARCINOMA","PIK3R1"
"KEGG_RENAL_CELL_CARCINOMA","JUN"
"KEGG_RENAL_CELL_CARCINOMA","PIK3CD"
"KEGG_RENAL_CELL_CARCINOMA","PIK3CA"
"KEGG_RENAL_CELL_CARCINOMA","PAK4"
"KEGG_RENAL_CELL_CARCINOMA","CRKL"
"KEGG_RENAL_CELL_CARCINOMA","MAPK1"
"KEGG_RENAL_CELL_CARCINOMA","PAK7"
"KEGG_RENAL_CELL_CARCINOMA","ARAF"
"KEGG_RENAL_CELL_CARCINOMA","VHL"
"KEGG_RENAL_CELL_CARCINOMA","RAPGEF1"
"KEGG_RENAL_CELL_CARCINOMA","PAK2"
"KEGG_RENAL_CELL_CARCINOMA","FIGF"
"KEGG_RENAL_CELL_CARCINOMA","MAPK3"
"KEGG_RENAL_CELL_CARCINOMA","RAF1"
"KEGG_RENAL_CELL_CARCINOMA","MAP2K1"
"KEGG_RENAL_CELL_CARCINOMA","GRB2"
"KEGG_RENAL_CELL_CARCINOMA","TGFA"
"KEGG_RENAL_CELL_CARCINOMA","HRAS"
"KEGG_RENAL_CELL_CARCINOMA","PIK3R5"
"KEGG_RENAL_CELL_CARCINOMA","PGF"
"KEGG_RENAL_CELL_CARCINOMA","NRAS"
"KEGG_RENAL_CELL_CARCINOMA","RAP1A"
"KEGG_RENAL_CELL_CARCINOMA","CDC42"
"KEGG_RENAL_CELL_CARCINOMA","HGF"
"KEGG_RENAL_CELL_CARCINOMA","EP300"
"KEGG_RENAL_CELL_CARCINOMA","HIF1A"
"KEGG_RENAL_CELL_CARCINOMA","PIK3CG"
"KEGG_RENAL_CELL_CARCINOMA","PTPN11"
"KEGG_RENAL_CELL_CARCINOMA","ARNT"
"KEGG_RENAL_CELL_CARCINOMA","CREBBP"
"KEGG_RENAL_CELL_CARCINOMA","AKT2"
"KEGG_RENAL_CELL_CARCINOMA","MET"
"KEGG_RENAL_CELL_CARCINOMA","SOS1"
"KEGG_RENAL_CELL_CARCINOMA","SLC2A1"
"KEGG_RENAL_CELL_CARCINOMA","TGFB2"
"KEGG_RENAL_CELL_CARCINOMA","EGLN3"
"KEGG_RENAL_CELL_CARCINOMA","EGLN1"
"KEGG_RENAL_CELL_CARCINOMA","AKT1"
"KEGG_RENAL_CELL_CARCINOMA","TCEB1"
"KEGG_RENAL_CELL_CARCINOMA","VEGFC"
"KEGG_RENAL_CELL_CARCINOMA","TGFB3"
"KEGG_RENAL_CELL_CARCINOMA","PDGFB"
"KEGG_RENAL_CELL_CARCINOMA","EPAS1"
"KEGG_RENAL_CELL_CARCINOMA","PAK3"
"KEGG_RENAL_CELL_CARCINOMA","GAB1"
"KEGG_RENAL_CELL_CARCINOMA","TGFB1"
"KEGG_RENAL_CELL_CARCINOMA","PIK3R3"
"KEGG_RENAL_CELL_CARCINOMA","ETS1"
"KEGG_RENAL_CELL_CARCINOMA","FLCN"
"KEGG_RENAL_CELL_CARCINOMA","FH"
"KEGG_RENAL_CELL_CARCINOMA","VEGFA"
"KEGG_RENAL_CELL_CARCINOMA","RBX1"
"KEGG_RENAL_CELL_CARCINOMA","PAK6"
"KEGG_RENAL_CELL_CARCINOMA","RAP1B"
"KEGG_RENAL_CELL_CARCINOMA","TCEB2"
"KEGG_RENAL_CELL_CARCINOMA","EGLN2"
"KEGG_RENAL_CELL_CARCINOMA","CRK"
"KEGG_RENAL_CELL_CARCINOMA","VEGFB"
"KEGG_RENAL_CELL_CARCINOMA","BRAF"
"KEGG_RENAL_CELL_CARCINOMA","PAK1"
"KEGG_RENAL_CELL_CARCINOMA","CUL2"
"KEGG_SMALL_CELL_LUNG_CANCER","PIK3CB"
"KEGG_SMALL_CELL_LUNG_CANCER","BIRC2"
"KEGG_SMALL_CELL_LUNG_CANCER","COL4A6"
"KEGG_SMALL_CELL_LUNG_CANCER","LAMB3"
"KEGG_SMALL_CELL_LUNG_CANCER","BIRC3"
"KEGG_SMALL_CELL_LUNG_CANCER","RXRG"
"KEGG_SMALL_CELL_LUNG_CANCER","TP53"
"KEGG_SMALL_CELL_LUNG_CANCER","CYCS"
"KEGG_SMALL_CELL_LUNG_CANCER","CCND1"
"KEGG_SMALL_CELL_LUNG_CANCER","AKT3"
"KEGG_SMALL_CELL_LUNG_CANCER","PIK3R2"
"KEGG_SMALL_CELL_LUNG_CANCER","RXRB"
"KEGG_SMALL_CELL_LUNG_CANCER","SKP2"
"KEGG_SMALL_CELL_LUNG_CANCER","PIK3R1"
"KEGG_SMALL_CELL_LUNG_CANCER","APAF1"
"KEGG_SMALL_CELL_LUNG_CANCER","RELA"
"KEGG_SMALL_CELL_LUNG_CANCER","PIAS3"
"KEGG_SMALL_CELL_LUNG_CANCER","PIK3CD"
"KEGG_SMALL_CELL_LUNG_CANCER","PIAS1"
"KEGG_SMALL_CELL_LUNG_CANCER","PIK3CA"
"KEGG_SMALL_CELL_LUNG_CANCER","COL4A4"
"KEGG_SMALL_CELL_LUNG_CANCER","ITGA3"
"KEGG_SMALL_CELL_LUNG_CANCER","TRAF5"
"KEGG_SMALL_CELL_LUNG_CANCER","TRAF3"
"KEGG_SMALL_CELL_LUNG_CANCER","PTGS2"
"KEGG_SMALL_CELL_LUNG_CANCER","PTEN"
"KEGG_SMALL_CELL_LUNG_CANCER","LAMB1"
"KEGG_SMALL_CELL_LUNG_CANCER","TRAF6"
"KEGG_SMALL_CELL_LUNG_CANCER","BCL2"
"KEGG_SMALL_CELL_LUNG_CANCER","NFKB1"
"KEGG_SMALL_CELL_LUNG_CANCER","TRAF4"
"KEGG_SMALL_CELL_LUNG_CANCER","LAMB4"
"KEGG_SMALL_CELL_LUNG_CANCER","E2F2"
"KEGG_SMALL_CELL_LUNG_CANCER","ITGA6"
"KEGG_SMALL_CELL_LUNG_CANCER","ITGA2B"
"KEGG_SMALL_CELL_LUNG_CANCER","FHIT"
"KEGG_SMALL_CELL_LUNG_CANCER","CDK2"
"KEGG_SMALL_CELL_LUNG_CANCER","LAMB2"
"KEGG_SMALL_CELL_LUNG_CANCER","BCL2L1"
"KEGG_SMALL_CELL_LUNG_CANCER","IKBKG"
"KEGG_SMALL_CELL_LUNG_CANCER","CASP9"
"KEGG_SMALL_CELL_LUNG_CANCER","PTK2"
"KEGG_SMALL_CELL_LUNG_CANCER","CCNE1"
"KEGG_SMALL_CELL_LUNG_CANCER","PIK3R5"
"KEGG_SMALL_CELL_LUNG_CANCER","CKS1B"
"KEGG_SMALL_CELL_LUNG_CANCER","LAMA2"
"KEGG_SMALL_CELL_LUNG_CANCER","XIAP"
"KEGG_SMALL_CELL_LUNG_CANCER","LAMA5"
"KEGG_SMALL_CELL_LUNG_CANCER","CDK4"
"KEGG_SMALL_CELL_LUNG_CANCER","TRAF1"
"KEGG_SMALL_CELL_LUNG_CANCER","LAMA3"
"KEGG_SMALL_CELL_LUNG_CANCER","NOS2"
"KEGG_SMALL_CELL_LUNG_CANCER","CHUK"
"KEGG_SMALL_CELL_LUNG_CANCER","LAMA1"
"KEGG_SMALL_CELL_LUNG_CANCER","PIK3CG"
"KEGG_SMALL_CELL_LUNG_CANCER","LAMA4"
"KEGG_SMALL_CELL_LUNG_CANCER","AKT2"
"KEGG_SMALL_CELL_LUNG_CANCER","ITGA2"
"KEGG_SMALL_CELL_LUNG_CANCER","RXRA"
"KEGG_SMALL_CELL_LUNG_CANCER","MAX"
"KEGG_SMALL_CELL_LUNG_CANCER","ITGAV"
"KEGG_SMALL_CELL_LUNG_CANCER","TRAF2"
"KEGG_SMALL_CELL_LUNG_CANCER","ITGB1"
"KEGG_SMALL_CELL_LUNG_CANCER","IKBKB"
"KEGG_SMALL_CELL_LUNG_CANCER","LAMC1"
"KEGG_SMALL_CELL_LUNG_CANCER","AKT1"
"KEGG_SMALL_CELL_LUNG_CANCER","RB1"
"KEGG_SMALL_CELL_LUNG_CANCER","PIAS4"
"KEGG_SMALL_CELL_LUNG_CANCER","RARB"
"KEGG_SMALL_CELL_LUNG_CANCER","PIAS2"
"KEGG_SMALL_CELL_LUNG_CANCER","E2F3"
"KEGG_SMALL_CELL_LUNG_CANCER","PIK3R3"
"KEGG_SMALL_CELL_LUNG_CANCER","COL4A2"
"KEGG_SMALL_CELL_LUNG_CANCER","COL4A1"
"KEGG_SMALL_CELL_LUNG_CANCER","NFKBIA"
"KEGG_SMALL_CELL_LUNG_CANCER","CDKN1B"
"KEGG_SMALL_CELL_LUNG_CANCER","LAMC2"
"KEGG_SMALL_CELL_LUNG_CANCER","CCNE2"
"KEGG_SMALL_CELL_LUNG_CANCER","MYC"
"KEGG_SMALL_CELL_LUNG_CANCER","E2F1"
"KEGG_SMALL_CELL_LUNG_CANCER","CDK6"
"KEGG_SMALL_CELL_LUNG_CANCER","CDKN2B"
"KEGG_SMALL_CELL_LUNG_CANCER","FN1"
"KEGG_SMALL_CELL_LUNG_CANCER","LAMC3"
"KEGG_COLORECTAL_CANCER","MAPK8"
"KEGG_COLORECTAL_CANCER","PIK3CB"
"KEGG_COLORECTAL_CANCER","RAC1"
"KEGG_COLORECTAL_CANCER","SMAD3"
"KEGG_COLORECTAL_CANCER","BIRC5"
"KEGG_COLORECTAL_CANCER","TP53"
"KEGG_COLORECTAL_CANCER","CYCS"
"KEGG_COLORECTAL_CANCER","CCND1"
"KEGG_COLORECTAL_CANCER","KRAS"
"KEGG_COLORECTAL_CANCER","AKT3"
"KEGG_COLORECTAL_CANCER","PIK3R2"
"KEGG_COLORECTAL_CANCER","APC2"
"KEGG_COLORECTAL_CANCER","MAPK9"
"KEGG_COLORECTAL_CANCER","SMAD4"
"KEGG_COLORECTAL_CANCER","SMAD2"
"KEGG_COLORECTAL_CANCER","PIK3R1"
"KEGG_COLORECTAL_CANCER","JUN"
"KEGG_COLORECTAL_CANCER","PIK3CD"
"KEGG_COLORECTAL_CANCER","PIK3CA"
"KEGG_COLORECTAL_CANCER","MAPK1"
"KEGG_COLORECTAL_CANCER","ARAF"
"KEGG_COLORECTAL_CANCER","MSH2"
"KEGG_COLORECTAL_CANCER","BCL2"
"KEGG_COLORECTAL_CANCER","CTNNB1"
"KEGG_COLORECTAL_CANCER","APC"
"KEGG_COLORECTAL_CANCER","MAPK3"
"KEGG_COLORECTAL_CANCER","RAF1"
"KEGG_COLORECTAL_CANCER","MLH1"
"KEGG_COLORECTAL_CANCER","MAP2K1"
"KEGG_COLORECTAL_CANCER","FOS"
"KEGG_COLORECTAL_CANCER","BAD"
"KEGG_COLORECTAL_CANCER","CASP9"
"KEGG_COLORECTAL_CANCER","LEF1"
"KEGG_COLORECTAL_CANCER","PIK3R5"
"KEGG_COLORECTAL_CANCER","AXIN1"
"KEGG_COLORECTAL_CANCER","APPL1"
"KEGG_COLORECTAL_CANCER","RAC3"
"KEGG_COLORECTAL_CANCER","AXIN2"
"KEGG_COLORECTAL_CANCER","PIK3CG"
"KEGG_COLORECTAL_CANCER","TGFBR2"
"KEGG_COLORECTAL_CANCER","AKT2"
"KEGG_COLORECTAL_CANCER","TGFB2"
"KEGG_COLORECTAL_CANCER","MSH3"
"KEGG_COLORECTAL_CANCER","AKT1"
"KEGG_COLORECTAL_CANCER","TGFB3"
"KEGG_COLORECTAL_CANCER","MSH6"
"KEGG_COLORECTAL_CANCER","GSK3B"
"KEGG_COLORECTAL_CANCER","TGFB1"
"KEGG_COLORECTAL_CANCER","PIK3R3"
"KEGG_COLORECTAL_CANCER","TCF7"
"KEGG_COLORECTAL_CANCER","CASP3"
"KEGG_COLORECTAL_CANCER","DCC"
"KEGG_COLORECTAL_CANCER","RHOA"
"KEGG_COLORECTAL_CANCER","BAX"
"KEGG_COLORECTAL_CANCER","RAC2"
"KEGG_COLORECTAL_CANCER","TCF7L2"
"KEGG_COLORECTAL_CANCER","MAPK10"
"KEGG_COLORECTAL_CANCER","RALGDS"
"KEGG_COLORECTAL_CANCER","MYC"
"KEGG_COLORECTAL_CANCER","BRAF"
"KEGG_COLORECTAL_CANCER","TGFBR1"
"KEGG_COLORECTAL_CANCER","TCF7L1"
"KEGG_PROSTATE_CANCER","PIK3CB"
"KEGG_PROSTATE_CANCER","FOXO1"
"KEGG_PROSTATE_CANCER","TP53"
"KEGG_PROSTATE_CANCER","CCND1"
"KEGG_PROSTATE_CANCER","MAP2K2"
"KEGG_PROSTATE_CANCER","KRAS"
"KEGG_PROSTATE_CANCER","AKT3"
"KEGG_PROSTATE_CANCER","PIK3R2"
"KEGG_PROSTATE_CANCER","CDKN1A"
"KEGG_PROSTATE_CANCER","SOS2"
"KEGG_PROSTATE_CANCER","CREB3L2"
"KEGG_PROSTATE_CANCER","CREB3"
"KEGG_PROSTATE_CANCER","IGF1"
"KEGG_PROSTATE_CANCER","PIK3R1"
"KEGG_PROSTATE_CANCER","CREB1"
"KEGG_PROSTATE_CANCER","PDGFA"
"KEGG_PROSTATE_CANCER","RELA"
"KEGG_PROSTATE_CANCER","ERBB2"
"KEGG_PROSTATE_CANCER","MTOR"
"KEGG_PROSTATE_CANCER","CREB3L4"
"KEGG_PROSTATE_CANCER","HSP90B1"
"KEGG_PROSTATE_CANCER","PIK3CD"
"KEGG_PROSTATE_CANCER","EGF"
"KEGG_PROSTATE_CANCER","PIK3CA"
"KEGG_PROSTATE_CANCER","MAPK1"
"KEGG_PROSTATE_CANCER","ARAF"
"KEGG_PROSTATE_CANCER","PTEN"
"KEGG_PROSTATE_CANCER","CREB3L3"
"KEGG_PROSTATE_CANCER","AR"
"KEGG_PROSTATE_CANCER","BCL2"
"KEGG_PROSTATE_CANCER","NFKB1"
"KEGG_PROSTATE_CANCER","KLK3"
"KEGG_PROSTATE_CANCER","CTNNB1"
"KEGG_PROSTATE_CANCER","E2F2"
"KEGG_PROSTATE_CANCER","MAPK3"
"KEGG_PROSTATE_CANCER","RAF1"
"KEGG_PROSTATE_CANCER","MAP2K1"
"KEGG_PROSTATE_CANCER","BAD"
"KEGG_PROSTATE_CANCER","CDK2"
"KEGG_PROSTATE_CANCER","INSRR"
"KEGG_PROSTATE_CANCER","GRB2"
"KEGG_PROSTATE_CANCER","TGFA"
"KEGG_PROSTATE_CANCER","IKBKG"
"KEGG_PROSTATE_CANCER","FGFR1"
"KEGG_PROSTATE_CANCER","HRAS"
"KEGG_PROSTATE_CANCER","CASP9"
"KEGG_PROSTATE_CANCER","LEF1"
"KEGG_PROSTATE_CANCER","CCNE1"
"KEGG_PROSTATE_CANCER","PIK3R5"
"KEGG_PROSTATE_CANCER","NRAS"
"KEGG_PROSTATE_CANCER","IGF1R"
"KEGG_PROSTATE_CANCER","HSP90AB1"
"KEGG_PROSTATE_CANCER","EP300"
"KEGG_PROSTATE_CANCER","CHUK"
"KEGG_PROSTATE_CANCER","PDPK1"
"KEGG_PROSTATE_CANCER","MDM2"
"KEGG_PROSTATE_CANCER","PIK3CG"
"KEGG_PROSTATE_CANCER","HSP90AA1"
"KEGG_PROSTATE_CANCER","CREBBP"
"KEGG_PROSTATE_CANCER","AKT2"
"KEGG_PROSTATE_CANCER","CREB3L1"
"KEGG_PROSTATE_CANCER","GSTP1"
"KEGG_PROSTATE_CANCER","PDGFRB"
"KEGG_PROSTATE_CANCER","SOS1"
"KEGG_PROSTATE_CANCER","PDGFRA"
"KEGG_PROSTATE_CANCER","IKBKB"
"KEGG_PROSTATE_CANCER","AKT1"
"KEGG_PROSTATE_CANCER","RB1"
"KEGG_PROSTATE_CANCER","INS"
"KEGG_PROSTATE_CANCER","SRD5A2"
"KEGG_PROSTATE_CANCER","NKX3-1"
"KEGG_PROSTATE_CANCER","PDGFD"
"KEGG_PROSTATE_CANCER","FGFR2"
"KEGG_PROSTATE_CANCER","E2F3"
"KEGG_PROSTATE_CANCER","PDGFB"
"KEGG_PROSTATE_CANCER","GSK3B"
"KEGG_PROSTATE_CANCER","PIK3R3"
"KEGG_PROSTATE_CANCER","TCF7"
"KEGG_PROSTATE_CANCER","CREB5"
"KEGG_PROSTATE_CANCER","NFKBIA"
"KEGG_PROSTATE_CANCER","CDKN1B"
"KEGG_PROSTATE_CANCER","PDGFC"
"KEGG_PROSTATE_CANCER","TCF7L2"
"KEGG_PROSTATE_CANCER","CCNE2"
"KEGG_PROSTATE_CANCER","ATF4"
"KEGG_PROSTATE_CANCER","E2F1"
"KEGG_PROSTATE_CANCER","BRAF"
"KEGG_PROSTATE_CANCER","EGFR"
"KEGG_PROSTATE_CANCER","TCF7L1"
"KEGG_PATHWAYS_IN_CANCER","MAPK8"
"KEGG_PATHWAYS_IN_CANCER","PPARD"
"KEGG_PATHWAYS_IN_CANCER","CTNNA2"
"KEGG_PATHWAYS_IN_CANCER","ARNT2"
"KEGG_PATHWAYS_IN_CANCER","PLD1"
"KEGG_PATHWAYS_IN_CANCER","PIK3CB"
"KEGG_PATHWAYS_IN_CANCER","RAC1"
"KEGG_PATHWAYS_IN_CANCER","BIRC2"
"KEGG_PATHWAYS_IN_CANCER","SMAD3"
"KEGG_PATHWAYS_IN_CANCER","COL4A6"
"KEGG_PATHWAYS_IN_CANCER","NFKB2"
"KEGG_PATHWAYS_IN_CANCER","STAT5B"
"KEGG_PATHWAYS_IN_CANCER","RARA"
"KEGG_PATHWAYS_IN_CANCER","CCNA1"
"KEGG_PATHWAYS_IN_CANCER","STAT5A"
"KEGG_PATHWAYS_IN_CANCER","BIRC5"
"KEGG_PATHWAYS_IN_CANCER","WNT3"
"KEGG_PATHWAYS_IN_CANCER","MMP1"
"KEGG_PATHWAYS_IN_CANCER","FOXO1"
"KEGG_PATHWAYS_IN_CANCER","LAMB3"
"KEGG_PATHWAYS_IN_CANCER","PML"
"KEGG_PATHWAYS_IN_CANCER","GLI2"
"KEGG_PATHWAYS_IN_CANCER","BIRC3"
"KEGG_PATHWAYS_IN_CANCER","WNT7B"
"KEGG_PATHWAYS_IN_CANCER","FGF12"
"KEGG_PATHWAYS_IN_CANCER","RXRG"
"KEGG_PATHWAYS_IN_CANCER","RAD51"
"KEGG_PATHWAYS_IN_CANCER","STAT3"
"KEGG_PATHWAYS_IN_CANCER","TP53"
"KEGG_PATHWAYS_IN_CANCER","CYCS"
"KEGG_PATHWAYS_IN_CANCER","MECOM"
"KEGG_PATHWAYS_IN_CANCER","CCND1"
"KEGG_PATHWAYS_IN_CANCER","MAP2K2"
"KEGG_PATHWAYS_IN_CANCER","RALB"
"KEGG_PATHWAYS_IN_CANCER","KRAS"
"KEGG_PATHWAYS_IN_CANCER","FGF10"
"KEGG_PATHWAYS_IN_CANCER","FLT3LG"
"KEGG_PATHWAYS_IN_CANCER","FZD3"
"KEGG_PATHWAYS_IN_CANCER","ABL1"
"KEGG_PATHWAYS_IN_CANCER","PPARG"
"KEGG_PATHWAYS_IN_CANCER","RUNX1"
"KEGG_PATHWAYS_IN_CANCER","RALBP1"
"KEGG_PATHWAYS_IN_CANCER","DVL1"
"KEGG_PATHWAYS_IN_CANCER","KIT"
"KEGG_PATHWAYS_IN_CANCER","AKT3"
"KEGG_PATHWAYS_IN_CANCER","PIK3R2"
"KEGG_PATHWAYS_IN_CANCER","APC2"
"KEGG_PATHWAYS_IN_CANCER","JUP"
"KEGG_PATHWAYS_IN_CANCER","RXRB"
"KEGG_PATHWAYS_IN_CANCER","BMP2"
"KEGG_PATHWAYS_IN_CANCER","MAPK9"
"KEGG_PATHWAYS_IN_CANCER","SKP2"
"KEGG_PATHWAYS_IN_CANCER","CDKN1A"
"KEGG_PATHWAYS_IN_CANCER","CTNNA3"
"KEGG_PATHWAYS_IN_CANCER","SOS2"
"KEGG_PATHWAYS_IN_CANCER","SMAD4"
"KEGG_PATHWAYS_IN_CANCER","FZD6"
"KEGG_PATHWAYS_IN_CANCER","SMAD2"
"KEGG_PATHWAYS_IN_CANCER","RET"
"KEGG_PATHWAYS_IN_CANCER","IGF1"
"KEGG_PATHWAYS_IN_CANCER","PIK3R1"
"KEGG_PATHWAYS_IN_CANCER","PDGFA"
"KEGG_PATHWAYS_IN_CANCER","RELA"
"KEGG_PATHWAYS_IN_CANCER","CSF3R"
"KEGG_PATHWAYS_IN_CANCER","ERBB2"
"KEGG_PATHWAYS_IN_CANCER","IL8"
"KEGG_PATHWAYS_IN_CANCER","MTOR"
"KEGG_PATHWAYS_IN_CANCER","JUN"
"KEGG_PATHWAYS_IN_CANCER","TPR"
"KEGG_PATHWAYS_IN_CANCER","HSP90B1"
"KEGG_PATHWAYS_IN_CANCER","FGF13"
"KEGG_PATHWAYS_IN_CANCER","PIAS3"
"KEGG_PATHWAYS_IN_CANCER","RASSF5"
"KEGG_PATHWAYS_IN_CANCER","PIK3CD"
"KEGG_PATHWAYS_IN_CANCER","FGF11"
"KEGG_PATHWAYS_IN_CANCER","CEBPA"
"KEGG_PATHWAYS_IN_CANCER","PIAS1"
"KEGG_PATHWAYS_IN_CANCER","EGF"
"KEGG_PATHWAYS_IN_CANCER","PIK3CA"
"KEGG_PATHWAYS_IN_CANCER","WNT5A"
"KEGG_PATHWAYS_IN_CANCER","SMO"
"KEGG_PATHWAYS_IN_CANCER","FAS"
"KEGG_PATHWAYS_IN_CANCER","FGF1"
"KEGG_PATHWAYS_IN_CANCER","FGF9"
"KEGG_PATHWAYS_IN_CANCER","KITLG"
"KEGG_PATHWAYS_IN_CANCER","PRKCG"
"KEGG_PATHWAYS_IN_CANCER","FZD5"
"KEGG_PATHWAYS_IN_CANCER","CRKL"
"KEGG_PATHWAYS_IN_CANCER","COL4A4"
"KEGG_PATHWAYS_IN_CANCER","MAPK1"
"KEGG_PATHWAYS_IN_CANCER","ITGA3"
"KEGG_PATHWAYS_IN_CANCER","CTBP1"
"KEGG_PATHWAYS_IN_CANCER","LOC652346"
"KEGG_PATHWAYS_IN_CANCER","TRAF5"
"KEGG_PATHWAYS_IN_CANCER","WNT9A"
"KEGG_PATHWAYS_IN_CANCER","CDH1"
"KEGG_PATHWAYS_IN_CANCER","TRAF3"
"KEGG_PATHWAYS_IN_CANCER","TFG"
"KEGG_PATHWAYS_IN_CANCER","CBLB"
"KEGG_PATHWAYS_IN_CANCER","STK36"
"KEGG_PATHWAYS_IN_CANCER","ARAF"
"KEGG_PATHWAYS_IN_CANCER","FGF4"
"KEGG_PATHWAYS_IN_CANCER","CSF2RA"
"KEGG_PATHWAYS_IN_CANCER","PTGS2"
"KEGG_PATHWAYS_IN_CANCER","PTEN"
"KEGG_PATHWAYS_IN_CANCER","FZD8"
"KEGG_PATHWAYS_IN_CANCER","AR"
"KEGG_PATHWAYS_IN_CANCER","MSH2"
"KEGG_PATHWAYS_IN_CANCER","LAMB1"
"KEGG_PATHWAYS_IN_CANCER","TRAF6"
"KEGG_PATHWAYS_IN_CANCER","BCL2"
"KEGG_PATHWAYS_IN_CANCER","NFKB1"
"KEGG_PATHWAYS_IN_CANCER","STAT1"
"KEGG_PATHWAYS_IN_CANCER","TRAF4"
"KEGG_PATHWAYS_IN_CANCER","VHL"
"KEGG_PATHWAYS_IN_CANCER","SPI1"
"KEGG_PATHWAYS_IN_CANCER","KLK3"
"KEGG_PATHWAYS_IN_CANCER","CBL"
"KEGG_PATHWAYS_IN_CANCER","CTNNB1"
"KEGG_PATHWAYS_IN_CANCER","DVL2"
"KEGG_PATHWAYS_IN_CANCER","WNT3A"
"KEGG_PATHWAYS_IN_CANCER","LAMB4"
"KEGG_PATHWAYS_IN_CANCER","WNT5B"
"KEGG_PATHWAYS_IN_CANCER","FGF7"
"KEGG_PATHWAYS_IN_CANCER","APC"
"KEGG_PATHWAYS_IN_CANCER","E2F2"
"KEGG_PATHWAYS_IN_CANCER","RALA"
"KEGG_PATHWAYS_IN_CANCER","WNT11"
"KEGG_PATHWAYS_IN_CANCER","ITGA6"
"KEGG_PATHWAYS_IN_CANCER","FIGF"
"KEGG_PATHWAYS_IN_CANCER","MAPK3"
"KEGG_PATHWAYS_IN_CANCER","BRCA2"
"KEGG_PATHWAYS_IN_CANCER","PAX8"
"KEGG_PATHWAYS_IN_CANCER","SHH"
"KEGG_PATHWAYS_IN_CANCER","ITGA2B"
"KEGG_PATHWAYS_IN_CANCER","WNT16"
"KEGG_PATHWAYS_IN_CANCER","CTBP2"
"KEGG_PATHWAYS_IN_CANCER","RAF1"
"KEGG_PATHWAYS_IN_CANCER","WNT7A"
"KEGG_PATHWAYS_IN_CANCER","MLH1"
"KEGG_PATHWAYS_IN_CANCER","MAP2K1"
"KEGG_PATHWAYS_IN_CANCER","FOS"
"KEGG_PATHWAYS_IN_CANCER","FGF2"
"KEGG_PATHWAYS_IN_CANCER","WNT9B"
"KEGG_PATHWAYS_IN_CANCER","BAD"
"KEGG_PATHWAYS_IN_CANCER","CDK2"
"KEGG_PATHWAYS_IN_CANCER","LOC652799"
"KEGG_PATHWAYS_IN_CANCER","CTNNA1"
"KEGG_PATHWAYS_IN_CANCER","GRB2"
"KEGG_PATHWAYS_IN_CANCER","LAMB2"
"KEGG_PATHWAYS_IN_CANCER","DAPK1"
"KEGG_PATHWAYS_IN_CANCER","PTCH1"
"KEGG_PATHWAYS_IN_CANCER","PLCG1"
"KEGG_PATHWAYS_IN_CANCER","TGFA"
"KEGG_PATHWAYS_IN_CANCER","BCL2L1"
"KEGG_PATHWAYS_IN_CANCER","GLI3"
"KEGG_PATHWAYS_IN_CANCER","IKBKG"
"KEGG_PATHWAYS_IN_CANCER","FGFR1"
"KEGG_PATHWAYS_IN_CANCER","PRKCB"
"KEGG_PATHWAYS_IN_CANCER","WNT8B"
"KEGG_PATHWAYS_IN_CANCER","FGF22"
"KEGG_PATHWAYS_IN_CANCER","HRAS"
"KEGG_PATHWAYS_IN_CANCER","CASP9"
"KEGG_PATHWAYS_IN_CANCER","PTK2"
"KEGG_PATHWAYS_IN_CANCER","LEF1"
"KEGG_PATHWAYS_IN_CANCER","MITF"
"KEGG_PATHWAYS_IN_CANCER","BID"
"KEGG_PATHWAYS_IN_CANCER","CCNE1"
"KEGG_PATHWAYS_IN_CANCER","PIK3R5"
"KEGG_PATHWAYS_IN_CANCER","FADD"
"KEGG_PATHWAYS_IN_CANCER","SUFU"
"KEGG_PATHWAYS_IN_CANCER","FASLG"
"KEGG_PATHWAYS_IN_CANCER","FGF20"
"KEGG_PATHWAYS_IN_CANCER","CKS1B"
"KEGG_PATHWAYS_IN_CANCER","LAMA2"
"KEGG_PATHWAYS_IN_CANCER","PGF"
"KEGG_PATHWAYS_IN_CANCER","PLCG2"
"KEGG_PATHWAYS_IN_CANCER","RUNX1T1"
"KEGG_PATHWAYS_IN_CANCER","NRAS"
"KEGG_PATHWAYS_IN_CANCER","PTCH2"
"KEGG_PATHWAYS_IN_CANCER","ZBTB16"
"KEGG_PATHWAYS_IN_CANCER","AXIN1"
"KEGG_PATHWAYS_IN_CANCER","CSF1R"
"KEGG_PATHWAYS_IN_CANCER","MMP9"
"KEGG_PATHWAYS_IN_CANCER","CDC42"
"KEGG_PATHWAYS_IN_CANCER","IGF1R"
"KEGG_PATHWAYS_IN_CANCER","XIAP"
"KEGG_PATHWAYS_IN_CANCER","NCOA4"
"KEGG_PATHWAYS_IN_CANCER","HGF"
"KEGG_PATHWAYS_IN_CANCER","STK4"
"KEGG_PATHWAYS_IN_CANCER","WNT2B"
"KEGG_PATHWAYS_IN_CANCER","WNT2"
"KEGG_PATHWAYS_IN_CANCER","FZD10"
"KEGG_PATHWAYS_IN_CANCER","LAMA5"
"KEGG_PATHWAYS_IN_CANCER","CDK4"
"KEGG_PATHWAYS_IN_CANCER","TRAF1"
"KEGG_PATHWAYS_IN_CANCER","HSP90AB1"
"KEGG_PATHWAYS_IN_CANCER","FZD7"
"KEGG_PATHWAYS_IN_CANCER","LAMA3"
"KEGG_PATHWAYS_IN_CANCER","APPL1"
"KEGG_PATHWAYS_IN_CANCER","NOS2"
"KEGG_PATHWAYS_IN_CANCER","EP300"
"KEGG_PATHWAYS_IN_CANCER","CHUK"
"KEGG_PATHWAYS_IN_CANCER","DAPK2"
"KEGG_PATHWAYS_IN_CANCER","GLI1"
"KEGG_PATHWAYS_IN_CANCER","RAC3"
"KEGG_PATHWAYS_IN_CANCER","HDAC1"
"KEGG_PATHWAYS_IN_CANCER","HIF1A"
"KEGG_PATHWAYS_IN_CANCER","AXIN2"
"KEGG_PATHWAYS_IN_CANCER","MDM2"
"KEGG_PATHWAYS_IN_CANCER","FGF23"
"KEGG_PATHWAYS_IN_CANCER","LAMA1"
"KEGG_PATHWAYS_IN_CANCER","PIK3CG"
"KEGG_PATHWAYS_IN_CANCER","RASSF1"
"KEGG_PATHWAYS_IN_CANCER","WNT6"
"KEGG_PATHWAYS_IN_CANCER","LAMA4"
"KEGG_PATHWAYS_IN_CANCER","JAK1"
"KEGG_PATHWAYS_IN_CANCER","ARNT"
"KEGG_PATHWAYS_IN_CANCER","HDAC2"
"KEGG_PATHWAYS_IN_CANCER","FLT3"
"KEGG_PATHWAYS_IN_CANCER","PRKCA"
"KEGG_PATHWAYS_IN_CANCER","HSP90AA1"
"KEGG_PATHWAYS_IN_CANCER","FZD2"
"KEGG_PATHWAYS_IN_CANCER","CREBBP"
"KEGG_PATHWAYS_IN_CANCER","TGFBR2"
"KEGG_PATHWAYS_IN_CANCER","LOC652671"
"KEGG_PATHWAYS_IN_CANCER","AKT2"
"KEGG_PATHWAYS_IN_CANCER","ITGA2"
"KEGG_PATHWAYS_IN_CANCER","GSTP1"
"KEGG_PATHWAYS_IN_CANCER","RXRA"
"KEGG_PATHWAYS_IN_CANCER","MAX"
"KEGG_PATHWAYS_IN_CANCER","MET"
"KEGG_PATHWAYS_IN_CANCER","ITGAV"
"KEGG_PATHWAYS_IN_CANCER","PDGFRB"
"KEGG_PATHWAYS_IN_CANCER","SOS1"
"KEGG_PATHWAYS_IN_CANCER","PDGFRA"
"KEGG_PATHWAYS_IN_CANCER","TRAF2"
"KEGG_PATHWAYS_IN_CANCER","CBLC"
"KEGG_PATHWAYS_IN_CANCER","ITGB1"
"KEGG_PATHWAYS_IN_CANCER","SLC2A1"
"KEGG_PATHWAYS_IN_CANCER","TPM3"
"KEGG_PATHWAYS_IN_CANCER","IKBKB"
"KEGG_PATHWAYS_IN_CANCER","TGFB2"
"KEGG_PATHWAYS_IN_CANCER","FZD9"
"KEGG_PATHWAYS_IN_CANCER","EGLN3"
"KEGG_PATHWAYS_IN_CANCER","FGF16"
"KEGG_PATHWAYS_IN_CANCER","FGF5"
"KEGG_PATHWAYS_IN_CANCER","CCDC6"
"KEGG_PATHWAYS_IN_CANCER","FZD1"
"KEGG_PATHWAYS_IN_CANCER","EGLN1"
"KEGG_PATHWAYS_IN_CANCER","LAMC1"
"KEGG_PATHWAYS_IN_CANCER","MSH3"
"KEGG_PATHWAYS_IN_CANCER","AKT1"
"KEGG_PATHWAYS_IN_CANCER","TCEB1"
"KEGG_PATHWAYS_IN_CANCER","VEGFC"
"KEGG_PATHWAYS_IN_CANCER","RB1"
"KEGG_PATHWAYS_IN_CANCER","WNT10B"
"KEGG_PATHWAYS_IN_CANCER","FGF14"
"KEGG_PATHWAYS_IN_CANCER","HHIP"
"KEGG_PATHWAYS_IN_CANCER","FGF19"
"KEGG_PATHWAYS_IN_CANCER","PIAS4"
"KEGG_PATHWAYS_IN_CANCER","RARB"
"KEGG_PATHWAYS_IN_CANCER","PIAS2"
"KEGG_PATHWAYS_IN_CANCER","NKX3-1"
"KEGG_PATHWAYS_IN_CANCER","CDKN2A"
"KEGG_PATHWAYS_IN_CANCER","BCR"
"KEGG_PATHWAYS_IN_CANCER","DVL3"
"KEGG_PATHWAYS_IN_CANCER","TGFB3"
"KEGG_PATHWAYS_IN_CANCER","FGF17"
"KEGG_PATHWAYS_IN_CANCER","FGF8"
"KEGG_PATHWAYS_IN_CANCER","FGFR2"
"KEGG_PATHWAYS_IN_CANCER","FZD4"
"KEGG_PATHWAYS_IN_CANCER","E2F3"
"KEGG_PATHWAYS_IN_CANCER","BMP4"
"KEGG_PATHWAYS_IN_CANCER","PDGFB"
"KEGG_PATHWAYS_IN_CANCER","MSH6"
"KEGG_PATHWAYS_IN_CANCER","EPAS1"
"KEGG_PATHWAYS_IN_CANCER","GSK3B"
"KEGG_PATHWAYS_IN_CANCER","TGFB1"
"KEGG_PATHWAYS_IN_CANCER","PIK3R3"
"KEGG_PATHWAYS_IN_CANCER","ETS1"
"KEGG_PATHWAYS_IN_CANCER","NTRK1"
"KEGG_PATHWAYS_IN_CANCER","WNT10A"
"KEGG_PATHWAYS_IN_CANCER","IL6"
"KEGG_PATHWAYS_IN_CANCER","TCF7"
"KEGG_PATHWAYS_IN_CANCER","CASP3"
"KEGG_PATHWAYS_IN_CANCER","COL4A2"
"KEGG_PATHWAYS_IN_CANCER","COL4A1"
"KEGG_PATHWAYS_IN_CANCER","WNT8A"
"KEGG_PATHWAYS_IN_CANCER","FH"
"KEGG_PATHWAYS_IN_CANCER","FGF3"
"KEGG_PATHWAYS_IN_CANCER","VEGFA"
"KEGG_PATHWAYS_IN_CANCER","DCC"
"KEGG_PATHWAYS_IN_CANCER","NFKBIA"
"KEGG_PATHWAYS_IN_CANCER","RHOA"
"KEGG_PATHWAYS_IN_CANCER","RBX1"
"KEGG_PATHWAYS_IN_CANCER","CDKN1B"
"KEGG_PATHWAYS_IN_CANCER","BAX"
"KEGG_PATHWAYS_IN_CANCER","TCEB2"
"KEGG_PATHWAYS_IN_CANCER","WNT1"
"KEGG_PATHWAYS_IN_CANCER","RAC2"
"KEGG_PATHWAYS_IN_CANCER","TCF7L2"
"KEGG_PATHWAYS_IN_CANCER","MAPK10"
"KEGG_PATHWAYS_IN_CANCER","EGLN2"
"KEGG_PATHWAYS_IN_CANCER","LAMC2"
"KEGG_PATHWAYS_IN_CANCER","RALGDS"
"KEGG_PATHWAYS_IN_CANCER","CCNE2"
"KEGG_PATHWAYS_IN_CANCER","CRK"
"KEGG_PATHWAYS_IN_CANCER","MYC"
"KEGG_PATHWAYS_IN_CANCER","FGF6"
"KEGG_PATHWAYS_IN_CANCER","VEGFB"
"KEGG_PATHWAYS_IN_CANCER","FGF21"
"KEGG_PATHWAYS_IN_CANCER","E2F1"
"KEGG_PATHWAYS_IN_CANCER","CASP8"
"KEGG_PATHWAYS_IN_CANCER","BRAF"
"KEGG_PATHWAYS_IN_CANCER","MMP2"
"KEGG_PATHWAYS_IN_CANCER","CDK6"
"KEGG_PATHWAYS_IN_CANCER","DAPK3"
"KEGG_PATHWAYS_IN_CANCER","CDKN2B"
"KEGG_PATHWAYS_IN_CANCER","EGFR"
"KEGG_PATHWAYS_IN_CANCER","CUL2"
"KEGG_PATHWAYS_IN_CANCER","FGFR3"
"KEGG_PATHWAYS_IN_CANCER","TGFBR1"
"KEGG_PATHWAYS_IN_CANCER","WNT4"
"KEGG_PATHWAYS_IN_CANCER","FGF18"
"KEGG_PATHWAYS_IN_CANCER","TCF7L1"
"KEGG_PATHWAYS_IN_CANCER","FN1"
"KEGG_PATHWAYS_IN_CANCER","LAMC3"
